1.7%,"Control Name",Media/Label,Asset(s),Answer,Notes
8%,"Acceptable Use Policy",,,,4
,"Acceptable Use Policy","Backup Media"," uma Asset",Yes,
,"Acceptable Use Policy",Desktop," uma Asset",,
,"Acceptable Use Policy","Desktop or Laptop"," uma Asset",,
,"Acceptable Use Policy","Disk Array"," uma Asset",,
,"Acceptable Use Policy","Electronic Medical Device"," uma Asset",,
,"Acceptable Use Policy",Laptop," uma Asset",,
,"Acceptable Use Policy",Platform-as-a-Service," uma Asset",,
,"Acceptable Use Policy",Server," uma Asset",,
,"Acceptable Use Policy",Smartphone," uma Asset",,
,"Acceptable Use Policy",Software-as-a-Service," uma Asset",,
,"Acceptable Use Policy","Storage Area Network"," uma Asset",,
,"Acceptable Use Policy",Tablet," uma Asset",,
0%,"Accounts Lock After Too Many Failed Logins",,,,0
,"Accounts Lock After Too Many Failed Logins",Desktop," uma Asset",,
,"Accounts Lock After Too Many Failed Logins","Desktop or Laptop"," uma Asset",,
,"Accounts Lock After Too Many Failed Logins","Disk Array"," uma Asset",,
,"Accounts Lock After Too Many Failed Logins","Electronic Medical Device"," uma Asset",,
,"Accounts Lock After Too Many Failed Logins",Laptop," uma Asset",,
,"Accounts Lock After Too Many Failed Logins",Server," uma Asset",,
,"Accounts Lock After Too Many Failed Logins",Software-as-a-Service," uma Asset",,
,"Accounts Lock After Too Many Failed Logins","Storage Area Network"," uma Asset",,
0%,"Anti-Malware Software",,,,0
,"Anti-Malware Software",Desktop," uma Asset",,
,"Anti-Malware Software","Desktop or Laptop"," uma Asset",,
,"Anti-Malware Software","Disk Array"," uma Asset",,
,"Anti-Malware Software","Electronic Medical Device"," uma Asset",,
,"Anti-Malware Software",Laptop," uma Asset",,
,"Anti-Malware Software",Server," uma Asset",,
,"Anti-Malware Software",Smartphone," uma Asset",,
,"Anti-Malware Software","Storage Area Network"," uma Asset",,
,"Anti-Malware Software",Tablet," uma Asset",,
0%,"Anti-virus policy and procedures",,,,0
,"Anti-virus policy and procedures",Desktop," uma Asset",,
,"Anti-virus policy and procedures","Desktop or Laptop"," uma Asset",,
,"Anti-virus policy and procedures","Disk Array"," uma Asset",,
,"Anti-virus policy and procedures","Electronic Medical Device"," uma Asset",,
,"Anti-virus policy and procedures",Laptop," uma Asset",,
,"Anti-virus policy and procedures",Server," uma Asset",,
,"Anti-virus policy and procedures",Smartphone," uma Asset",,
,"Anti-virus policy and procedures","Storage Area Network"," uma Asset",,
,"Anti-virus policy and procedures",Tablet," uma Asset",,
0%,"Application code review",,,,0
,"Application code review",Desktop," uma Asset",,
,"Application code review","Desktop or Laptop"," uma Asset",,
,"Application code review","Disk Array"," uma Asset",,
,"Application code review","Electronic Medical Device"," uma Asset",,
,"Application code review",Laptop," uma Asset",,
,"Application code review",Server," uma Asset",,
,"Application code review","Storage Area Network"," uma Asset",,
0%,"Application or data partitioning",,,,0
,"Application or data partitioning",Desktop," uma Asset",,
,"Application or data partitioning","Desktop or Laptop"," uma Asset",,
,"Application or data partitioning","Disk Array"," uma Asset",,
,"Application or data partitioning","Electronic Medical Device"," uma Asset",,
,"Application or data partitioning",Laptop," uma Asset",,
,"Application or data partitioning",Platform-as-a-Service," uma Asset",,
,"Application or data partitioning",Server," uma Asset",,
,"Application or data partitioning","Storage Area Network"," uma Asset",,
0%,"Application Penetration and Vulnerability Testing",,,,0
,"Application Penetration and Vulnerability Testing",Desktop," uma Asset",,
,"Application Penetration and Vulnerability Testing","Desktop or Laptop"," uma Asset",,
,"Application Penetration and Vulnerability Testing","Disk Array"," uma Asset",,
,"Application Penetration and Vulnerability Testing","Electronic Medical Device"," uma Asset",,
,"Application Penetration and Vulnerability Testing",Laptop," uma Asset",,
,"Application Penetration and Vulnerability Testing",Server," uma Asset",,
,"Application Penetration and Vulnerability Testing","Storage Area Network"," uma Asset",,
0%,"Audits of service providers",,,,0
,"Audits of service providers","Contractors / Consultants"," uma Asset",,
,"Audits of service providers",Platform-as-a-Service," uma Asset",,
,"Audits of service providers",Software-as-a-Service," uma Asset",,
0%,"Authentication of Network Sessions (as Distinct From Users)",,,,0
,"Authentication of Network Sessions (as Distinct From Users)",Desktop," uma Asset",,
,"Authentication of Network Sessions (as Distinct From Users)","Desktop or Laptop"," uma Asset",,
,"Authentication of Network Sessions (as Distinct From Users)","Disk Array"," uma Asset",,
,"Authentication of Network Sessions (as Distinct From Users)","Electronic Medical Device"," uma Asset",,
,"Authentication of Network Sessions (as Distinct From Users)",Laptop," uma Asset",,
,"Authentication of Network Sessions (as Distinct From Users)",Platform-as-a-Service," uma Asset",,
,"Authentication of Network Sessions (as Distinct From Users)",Server," uma Asset",,
,"Authentication of Network Sessions (as Distinct From Users)","Storage Area Network"," uma Asset",,
0%,"Auto Logoff or Auto Screen Locking",,,,0
,"Auto Logoff or Auto Screen Locking",Desktop," uma Asset",,
,"Auto Logoff or Auto Screen Locking","Desktop or Laptop"," uma Asset",,
,"Auto Logoff or Auto Screen Locking","Disk Array"," uma Asset",,
,"Auto Logoff or Auto Screen Locking","Electronic Medical Device"," uma Asset",,
,"Auto Logoff or Auto Screen Locking",Laptop," uma Asset",,
,"Auto Logoff or Auto Screen Locking",Platform-as-a-Service," uma Asset",,
,"Auto Logoff or Auto Screen Locking",Server," uma Asset",,
,"Auto Logoff or Auto Screen Locking",Smartphone," uma Asset",,
,"Auto Logoff or Auto Screen Locking",Software-as-a-Service," uma Asset",,
,"Auto Logoff or Auto Screen Locking","Storage Area Network"," uma Asset",,
,"Auto Logoff or Auto Screen Locking",Tablet," uma Asset",,
100%,"Backup Media Handling Policy and Procedures",,,,0
,"Backup Media Handling Policy and Procedures","Backup Media"," uma Asset",Yes,
0%,"Capacity planning",,,,0
,"Capacity planning",Desktop," uma Asset",,
,"Capacity planning","Desktop or Laptop"," uma Asset",,
,"Capacity planning","Disk Array"," uma Asset",,
,"Capacity planning","Electronic Medical Device"," uma Asset",,
,"Capacity planning",Laptop," uma Asset",,
,"Capacity planning",Server," uma Asset",,
,"Capacity planning","Storage Area Network"," uma Asset",,
0%,"Central Monitoring of Endpoint Protection Software",,,,0
,"Central Monitoring of Endpoint Protection Software",Desktop," uma Asset",,
,"Central Monitoring of Endpoint Protection Software","Desktop or Laptop"," uma Asset",,
,"Central Monitoring of Endpoint Protection Software","Disk Array"," uma Asset",,
,"Central Monitoring of Endpoint Protection Software","Electronic Medical Device"," uma Asset",,
,"Central Monitoring of Endpoint Protection Software",Laptop," uma Asset",,
,"Central Monitoring of Endpoint Protection Software",Server," uma Asset",,
,"Central Monitoring of Endpoint Protection Software",Smartphone," uma Asset",,
,"Central Monitoring of Endpoint Protection Software","Storage Area Network"," uma Asset",,
,"Central Monitoring of Endpoint Protection Software",Tablet," uma Asset",,
0%,"Change control processes",,,,1
,"Change control processes",Desktop," uma Asset",,
,"Change control processes","Desktop or Laptop"," uma Asset",,
,"Change control processes","Disk Array"," uma Asset",,
,"Change control processes","Electronic Medical Device"," uma Asset",,
,"Change control processes",Laptop," uma Asset",,
,"Change control processes",Pager," uma Asset, Creating Asset for Risk questionarie",,
,"Change control processes",Platform-as-a-Service," uma Asset",,
,"Change control processes","Scanners, Printers or Copiers"," uma Asset",,
,"Change control processes",Server," uma Asset",,
,"Change control processes","Storage Area Network"," uma Asset",,
0%,"Contractual Agreements",,,,0
,"Contractual Agreements","Contractors / Consultants"," uma Asset",,
,"Contractual Agreements",Platform-as-a-Service," uma Asset",,
,"Contractual Agreements",Software-as-a-Service," uma Asset",,
0%,"Controlled access to areas with mobile devices",,,,0
,"Controlled access to areas with mobile devices","Desktop or Laptop"," uma Asset",,
,"Controlled access to areas with mobile devices","Electronic Medical Device"," uma Asset",,
,"Controlled access to areas with mobile devices",Laptop," uma Asset",,
,"Controlled access to areas with mobile devices",Smartphone," uma Asset",,
,"Controlled access to areas with mobile devices",Tablet," uma Asset",,
0%,"Controls around user-installed software",,,,0
,"Controls around user-installed software",Desktop," uma Asset",,
,"Controls around user-installed software","Desktop or Laptop"," uma Asset",,
,"Controls around user-installed software",Laptop," uma Asset",,
,"Controls around user-installed software",Server," uma Asset",,
0%,"Data Backup",,,,0
,"Data Backup",Desktop," uma Asset",,
,"Data Backup","Desktop or Laptop"," uma Asset",,
,"Data Backup","Disk Array"," uma Asset",,
,"Data Backup","Electronic Medical Device"," uma Asset",,
,"Data Backup",Laptop," uma Asset",,
,"Data Backup",Platform-as-a-Service," uma Asset",,
,"Data Backup",Server," uma Asset",,
,"Data Backup",Smartphone," uma Asset",,
,"Data Backup",Software-as-a-Service," uma Asset",,
,"Data Backup","Storage Area Network"," uma Asset",,
,"Data Backup",Tablet," uma Asset",,
0%,"Data Input Validation",,,,0
,"Data Input Validation","Contractors / Consultants"," uma Asset",,
,"Data Input Validation",Desktop," uma Asset",,
,"Data Input Validation","Desktop or Laptop"," uma Asset",,
,"Data Input Validation","Disk Array"," uma Asset",,
,"Data Input Validation","Electronic Medical Device"," uma Asset",,
,"Data Input Validation",Laptop," uma Asset",,
,"Data Input Validation",Platform-as-a-Service," uma Asset",,
,"Data Input Validation",Server," uma Asset",,
,"Data Input Validation",Software-as-a-Service," uma Asset",,
,"Data Input Validation","Storage Area Network"," uma Asset",,
0%,"Data Loss Prevention Tools",,,,0
,"Data Loss Prevention Tools",Desktop," uma Asset",,
,"Data Loss Prevention Tools","Desktop or Laptop"," uma Asset",,
,"Data Loss Prevention Tools","Disk Array"," uma Asset",,
,"Data Loss Prevention Tools","Electronic Medical Device"," uma Asset",,
,"Data Loss Prevention Tools",Laptop," uma Asset",,
,"Data Loss Prevention Tools",Platform-as-a-Service," uma Asset",,
,"Data Loss Prevention Tools",Server," uma Asset",,
,"Data Loss Prevention Tools",Software-as-a-Service," uma Asset",,
,"Data Loss Prevention Tools","Storage Area Network"," uma Asset",,
0%,"Device Handling Policy and Procedures",,,,0
,"Device Handling Policy and Procedures","Digital Camera"," uma Asset",,
,"Device Handling Policy and Procedures",Pager," uma Asset, Creating Asset for Risk questionarie",,
,"Device Handling Policy and Procedures",Smartphone," uma Asset",,
,"Device Handling Policy and Procedures",Tablet," uma Asset",,
,"Device Handling Policy and Procedures","USB key or flash drive"," uma Asset",,
8%,"Device Re-use and Disposal Policy and Procedures",,,,0
,"Device Re-use and Disposal Policy and Procedures","Backup Media"," uma Asset",Yes,
,"Device Re-use and Disposal Policy and Procedures",Desktop," uma Asset",,
,"Device Re-use and Disposal Policy and Procedures","Desktop or Laptop"," uma Asset",,
,"Device Re-use and Disposal Policy and Procedures","Digital Camera"," uma Asset",,
,"Device Re-use and Disposal Policy and Procedures","Disk Array"," uma Asset",,
,"Device Re-use and Disposal Policy and Procedures","Electronic Medical Device"," uma Asset",,
,"Device Re-use and Disposal Policy and Procedures",Laptop," uma Asset",,
,"Device Re-use and Disposal Policy and Procedures",Pager," uma Asset, Creating Asset for Risk questionarie",,
,"Device Re-use and Disposal Policy and Procedures",Server," uma Asset",,
,"Device Re-use and Disposal Policy and Procedures",Smartphone," uma Asset",,
,"Device Re-use and Disposal Policy and Procedures","Storage Area Network"," uma Asset",,
,"Device Re-use and Disposal Policy and Procedures",Tablet," uma Asset",,
,"Device Re-use and Disposal Policy and Procedures","USB key or flash drive"," uma Asset",,
0%,"Device Testing and Validation Policy and Procedures",,,,0
,"Device Testing and Validation Policy and Procedures","Digital Camera"," uma Asset",,
,"Device Testing and Validation Policy and Procedures",Pager," uma Asset, Creating Asset for Risk questionarie",,
,"Device Testing and Validation Policy and Procedures",Smartphone," uma Asset",,
,"Device Testing and Validation Policy and Procedures",Tablet," uma Asset",,
,"Device Testing and Validation Policy and Procedures","USB key or flash drive"," uma Asset",,
0%,"Distributed Processing or Storage",,,,0
,"Distributed Processing or Storage","Disk Array"," uma Asset",,
,"Distributed Processing or Storage",Platform-as-a-Service," uma Asset",,
,"Distributed Processing or Storage",Server," uma Asset",,
,"Distributed Processing or Storage","Storage Area Network"," uma Asset",,
0%,"Documented security roles in the system development life cycle",,,,0
,"Documented security roles in the system development life cycle",Desktop," uma Asset",,
,"Documented security roles in the system development life cycle","Desktop or Laptop"," uma Asset",,
,"Documented security roles in the system development life cycle","Disk Array"," uma Asset",,
,"Documented security roles in the system development life cycle","Electronic Medical Device"," uma Asset",,
,"Documented security roles in the system development life cycle",Laptop," uma Asset",,
,"Documented security roles in the system development life cycle",Platform-as-a-Service," uma Asset",,
,"Documented security roles in the system development life cycle",Server," uma Asset",,
,"Documented security roles in the system development life cycle","Storage Area Network"," uma Asset",,
0%,"Documented System Development Life Cycle",,,,0
,"Documented System Development Life Cycle",Desktop," uma Asset",,
,"Documented System Development Life Cycle","Desktop or Laptop"," uma Asset",,
,"Documented System Development Life Cycle","Disk Array"," uma Asset",,
,"Documented System Development Life Cycle","Electronic Medical Device"," uma Asset",,
,"Documented System Development Life Cycle",Laptop," uma Asset",,
,"Documented System Development Life Cycle",Platform-as-a-Service," uma Asset",,
,"Documented System Development Life Cycle",Server," uma Asset",,
,"Documented System Development Life Cycle","Storage Area Network"," uma Asset",,
0%,"Domain/Device Authentication",,,,0
,"Domain/Device Authentication","Desktop or Laptop"," uma Asset",,
,"Domain/Device Authentication",Laptop," uma Asset",,
,"Domain/Device Authentication",Smartphone," uma Asset",,
,"Domain/Device Authentication",Tablet," uma Asset",,
0%,"DR/BC Plans",,,,0
,"DR/BC Plans",Desktop," uma Asset",,
,"DR/BC Plans","Desktop or Laptop"," uma Asset",,
,"DR/BC Plans","Disk Array"," uma Asset",,
,"DR/BC Plans","Electronic Medical Device"," uma Asset",,
,"DR/BC Plans",Laptop," uma Asset",,
,"DR/BC Plans",Server," uma Asset",,
,"DR/BC Plans","Storage Area Network"," uma Asset",,
0%,"Employee Supervision",,,,0
,"Employee Supervision",Desktop," uma Asset",,
,"Employee Supervision","Desktop or Laptop"," uma Asset",,
,"Employee Supervision","Disk Array"," uma Asset",,
,"Employee Supervision","Electronic Medical Device"," uma Asset",,
,"Employee Supervision",Laptop," uma Asset",,
,"Employee Supervision",Platform-as-a-Service," uma Asset",,
,"Employee Supervision",Server," uma Asset",,
,"Employee Supervision",Software-as-a-Service," uma Asset",,
,"Employee Supervision","Storage Area Network"," uma Asset",,
100%,"Encryption of Backup Media",,,,0
,"Encryption of Backup Media","Backup Media"," uma Asset",Yes,
0%,"Encryption of Device",,,,0
,"Encryption of Device","Digital Camera"," uma Asset",,
,"Encryption of Device",Laptop," uma Asset",,
,"Encryption of Device",Pager," uma Asset, Creating Asset for Risk questionarie",,
,"Encryption of Device","Scanners, Printers or Copiers"," uma Asset",,
,"Encryption of Device",Smartphone," uma Asset",,
,"Encryption of Device",Tablet," uma Asset",,
,"Encryption of Device","USB key or flash drive"," uma Asset",,
0%,"Encryption of Disks (Full Disk, File Based, etc.)",,,,0
,"Encryption of Disks (Full Disk, File Based, etc.)",Desktop," uma Asset",,
,"Encryption of Disks (Full Disk, File Based, etc.)","Desktop or Laptop"," uma Asset",,
,"Encryption of Disks (Full Disk, File Based, etc.)","Disk Array"," uma Asset",,
,"Encryption of Disks (Full Disk, File Based, etc.)",Server," uma Asset",,
0%,"Encryption of Network Traffic",,,,0
,"Encryption of Network Traffic",Desktop," uma Asset",,
,"Encryption of Network Traffic","Desktop or Laptop"," uma Asset",,
,"Encryption of Network Traffic","Disk Array"," uma Asset",,
,"Encryption of Network Traffic","Electronic Medical Device"," uma Asset",,
,"Encryption of Network Traffic",Laptop," uma Asset",,
,"Encryption of Network Traffic",Server," uma Asset",,
,"Encryption of Network Traffic","Storage Area Network"," uma Asset",,
0%,"Endpoint Firewalls Enabled",,,,0
,"Endpoint Firewalls Enabled",Desktop," uma Asset",,
,"Endpoint Firewalls Enabled","Desktop or Laptop"," uma Asset",,
,"Endpoint Firewalls Enabled","Disk Array"," uma Asset",,
,"Endpoint Firewalls Enabled","Electronic Medical Device"," uma Asset",,
,"Endpoint Firewalls Enabled",Laptop," uma Asset",,
,"Endpoint Firewalls Enabled",Server," uma Asset",,
,"Endpoint Firewalls Enabled","Storage Area Network"," uma Asset",,
0%,"Fake Data to Attract Misuse (Honeypot Records)",,,,0
,"Fake Data to Attract Misuse (Honeypot Records)",Desktop," uma Asset",,
,"Fake Data to Attract Misuse (Honeypot Records)","Desktop or Laptop"," uma Asset",,
,"Fake Data to Attract Misuse (Honeypot Records)","Disk Array"," uma Asset",,
,"Fake Data to Attract Misuse (Honeypot Records)","Electronic Medical Device"," uma Asset",,
,"Fake Data to Attract Misuse (Honeypot Records)",Laptop," uma Asset",,
,"Fake Data to Attract Misuse (Honeypot Records)",Platform-as-a-Service," uma Asset",,
,"Fake Data to Attract Misuse (Honeypot Records)",Server," uma Asset",,
,"Fake Data to Attract Misuse (Honeypot Records)",Software-as-a-Service," uma Asset",,
,"Fake Data to Attract Misuse (Honeypot Records)","Storage Area Network"," uma Asset",,
0%,"Fire Detection/Suppression Systems",,,,0
,"Fire Detection/Suppression Systems",Desktop," uma Asset",,
,"Fire Detection/Suppression Systems","Desktop or Laptop"," uma Asset",,
,"Fire Detection/Suppression Systems","Disk Array"," uma Asset",,
,"Fire Detection/Suppression Systems","Electronic Medical Device"," uma Asset",,
,"Fire Detection/Suppression Systems",Laptop," uma Asset",,
,"Fire Detection/Suppression Systems",Server," uma Asset",,
,"Fire Detection/Suppression Systems","Storage Area Network"," uma Asset",,
,"Fire Detection/Suppression Systems","USB key or flash drive"," uma Asset",,
0%,"Identification and Authentication Policy and Procedures",,,,0
,"Identification and Authentication Policy and Procedures",Desktop," uma Asset",,
,"Identification and Authentication Policy and Procedures","Desktop or Laptop"," uma Asset",,
,"Identification and Authentication Policy and Procedures","Disk Array"," uma Asset",,
,"Identification and Authentication Policy and Procedures","Electronic Medical Device"," uma Asset",,
,"Identification and Authentication Policy and Procedures",Laptop," uma Asset",,
,"Identification and Authentication Policy and Procedures",Server," uma Asset",,
,"Identification and Authentication Policy and Procedures","Storage Area Network"," uma Asset",,
0%,"Identified security roles",,,,0
,"Identified security roles",Desktop," uma Asset",,
,"Identified security roles","Desktop or Laptop"," uma Asset",,
,"Identified security roles","Disk Array"," uma Asset",,
,"Identified security roles","Electronic Medical Device"," uma Asset",,
,"Identified security roles",Laptop," uma Asset",,
,"Identified security roles",Platform-as-a-Service," uma Asset",,
,"Identified security roles",Server," uma Asset",,
,"Identified security roles","Storage Area Network"," uma Asset",,
0%,"Information access control policy and procedures",,,,0
,"Information access control policy and procedures",Desktop," uma Asset",,
,"Information access control policy and procedures","Desktop or Laptop"," uma Asset",,
,"Information access control policy and procedures","Disk Array"," uma Asset",,
,"Information access control policy and procedures","Electronic Medical Device"," uma Asset",,
,"Information access control policy and procedures",Laptop," uma Asset",,
,"Information access control policy and procedures",Platform-as-a-Service," uma Asset",,
,"Information access control policy and procedures","Scanners, Printers or Copiers"," uma Asset",,
,"Information access control policy and procedures",Server," uma Asset",,
,"Information access control policy and procedures",Software-as-a-Service," uma Asset",,
,"Information access control policy and procedures","Storage Area Network"," uma Asset",,
0%,"Information Disclosure Procedures",,,,0
,"Information Disclosure Procedures",Desktop," uma Asset",,
,"Information Disclosure Procedures","Desktop or Laptop"," uma Asset",,
,"Information Disclosure Procedures","Disk Array"," uma Asset",,
,"Information Disclosure Procedures","Electronic Medical Device"," uma Asset",,
,"Information Disclosure Procedures",Laptop," uma Asset",,
,"Information Disclosure Procedures",Platform-as-a-Service," uma Asset",,
,"Information Disclosure Procedures",Server," uma Asset",,
,"Information Disclosure Procedures",Software-as-a-Service," uma Asset",,
,"Information Disclosure Procedures","Storage Area Network"," uma Asset",,
0%,"Internal IT Audit Program",,,,0
,"Internal IT Audit Program",Desktop," uma Asset",,
,"Internal IT Audit Program","Desktop or Laptop"," uma Asset",,
,"Internal IT Audit Program","Disk Array"," uma Asset",,
,"Internal IT Audit Program","Electronic Medical Device"," uma Asset",,
,"Internal IT Audit Program",Laptop," uma Asset",,
,"Internal IT Audit Program",Platform-as-a-Service," uma Asset",,
,"Internal IT Audit Program","Scanners, Printers or Copiers"," uma Asset",,
,"Internal IT Audit Program",Server," uma Asset",,
,"Internal IT Audit Program",Software-as-a-Service," uma Asset",,
,"Internal IT Audit Program","Storage Area Network"," uma Asset",,
7%,"Inventory Control Process",,,,0
,"Inventory Control Process","Backup Media"," uma Asset",Yes,
,"Inventory Control Process",Desktop," uma Asset",,
,"Inventory Control Process","Desktop or Laptop"," uma Asset",,
,"Inventory Control Process","Digital Camera"," uma Asset",,
,"Inventory Control Process","Disk Array"," uma Asset",,
,"Inventory Control Process","Electronic Medical Device"," uma Asset",,
,"Inventory Control Process",Laptop," uma Asset",,
,"Inventory Control Process",Pager," uma Asset, Creating Asset for Risk questionarie",,
,"Inventory Control Process","Scanners, Printers or Copiers"," uma Asset",,
,"Inventory Control Process",Server," uma Asset",,
,"Inventory Control Process",Smartphone," uma Asset",,
,"Inventory Control Process","Storage Area Network"," uma Asset",,
,"Inventory Control Process",Tablet," uma Asset",,
,"Inventory Control Process","USB key or flash drive"," uma Asset",,
0%,"Lights-out/hands-off management",,,,0
,"Lights-out/hands-off management",Desktop," uma Asset",,
,"Lights-out/hands-off management","Desktop or Laptop"," uma Asset",,
,"Lights-out/hands-off management","Disk Array"," uma Asset",,
,"Lights-out/hands-off management","Electronic Medical Device"," uma Asset",,
,"Lights-out/hands-off management",Laptop," uma Asset",,
,"Lights-out/hands-off management",Server," uma Asset",,
,"Lights-out/hands-off management","Storage Area Network"," uma Asset",,
0%,"Limited access to network cabling and devices",,,,0
,"Limited access to network cabling and devices",Desktop," uma Asset",,
,"Limited access to network cabling and devices","Desktop or Laptop"," uma Asset",,
,"Limited access to network cabling and devices","Disk Array"," uma Asset",,
,"Limited access to network cabling and devices","Electronic Medical Device"," uma Asset",,
,"Limited access to network cabling and devices",Laptop," uma Asset",,
,"Limited access to network cabling and devices",Server," uma Asset",,
,"Limited access to network cabling and devices","Storage Area Network"," uma Asset",,
0%,"Limited access to output devices (printers, etc.)",,,,0
,"Limited access to output devices (printers, etc.)",Desktop," uma Asset",,
,"Limited access to output devices (printers, etc.)","Desktop or Laptop"," uma Asset",,
,"Limited access to output devices (printers, etc.)","Electronic Medical Device"," uma Asset",,
,"Limited access to output devices (printers, etc.)",Laptop," uma Asset",,
,"Limited access to output devices (printers, etc.)","Scanners, Printers or Copiers"," uma Asset",,
,"Limited access to output devices (printers, etc.)",Server," uma Asset",,
,"Limited access to output devices (printers, etc.)","Storage Area Network"," uma Asset",,
0%,"Limited User Accessibility (By Time of Day, By Location, etc.)",,,,0
,"Limited User Accessibility (By Time of Day, By Location, etc.)",Desktop," uma Asset",,
,"Limited User Accessibility (By Time of Day, By Location, etc.)","Desktop or Laptop"," uma Asset",,
,"Limited User Accessibility (By Time of Day, By Location, etc.)","Disk Array"," uma Asset",,
,"Limited User Accessibility (By Time of Day, By Location, etc.)","Electronic Medical Device"," uma Asset",,
,"Limited User Accessibility (By Time of Day, By Location, etc.)",Laptop," uma Asset",,
,"Limited User Accessibility (By Time of Day, By Location, etc.)",Server," uma Asset",,
,"Limited User Accessibility (By Time of Day, By Location, etc.)","Storage Area Network"," uma Asset",,
0%,"Locally-stored Backups of Third-party Hosted Data",,,,0
,"Locally-stored Backups of Third-party Hosted Data","Contractors / Consultants"," uma Asset",,
,"Locally-stored Backups of Third-party Hosted Data",Platform-as-a-Service," uma Asset",,
,"Locally-stored Backups of Third-party Hosted Data",Software-as-a-Service," uma Asset",,
0%,"Locked Down External Ports (USB, CD, DVD, Firewire, etc.)",,,,0
,"Locked Down External Ports (USB, CD, DVD, Firewire, etc.)",Desktop," uma Asset",,
,"Locked Down External Ports (USB, CD, DVD, Firewire, etc.)","Desktop or Laptop"," uma Asset",,
,"Locked Down External Ports (USB, CD, DVD, Firewire, etc.)","Disk Array"," uma Asset",,
,"Locked Down External Ports (USB, CD, DVD, Firewire, etc.)","Electronic Medical Device"," uma Asset",,
,"Locked Down External Ports (USB, CD, DVD, Firewire, etc.)",Laptop," uma Asset",,
,"Locked Down External Ports (USB, CD, DVD, Firewire, etc.)",Platform-as-a-Service," uma Asset",,
,"Locked Down External Ports (USB, CD, DVD, Firewire, etc.)","Scanners, Printers or Copiers"," uma Asset",,
,"Locked Down External Ports (USB, CD, DVD, Firewire, etc.)",Server," uma Asset",,
,"Locked Down External Ports (USB, CD, DVD, Firewire, etc.)",Software-as-a-Service," uma Asset",,
,"Locked Down External Ports (USB, CD, DVD, Firewire, etc.)","Storage Area Network"," uma Asset",,
0%,"Logging of information access",,,,0
,"Logging of information access",Desktop," uma Asset",,
,"Logging of information access","Desktop or Laptop"," uma Asset",,
,"Logging of information access","Disk Array"," uma Asset",,
,"Logging of information access","Electronic Medical Device"," uma Asset",,
,"Logging of information access",Laptop," uma Asset",,
,"Logging of information access",Server," uma Asset",,
,"Logging of information access","Storage Area Network"," uma Asset",,
100%,"Media/Device Reuse and Disposal Policy and Procedures",,,,0
,"Media/Device Reuse and Disposal Policy and Procedures","Backup Media"," uma Asset",Yes,
0%,"Mobile Device Management",,,,0
,"Mobile Device Management","Digital Camera"," uma Asset",,
,"Mobile Device Management",Smartphone," uma Asset",,
,"Mobile Device Management",Tablet," uma Asset",,
0%,"Multi-factor Authentication",,,,0
,"Multi-factor Authentication","Desktop or Laptop"," uma Asset",,
,"Multi-factor Authentication",Laptop," uma Asset",,
,"Multi-factor Authentication",Platform-as-a-Service," uma Asset",,
,"Multi-factor Authentication",Software-as-a-Service," uma Asset",,
0%,"Network and System Penetration and Vulnerability Testing",,,,0
,"Network and System Penetration and Vulnerability Testing",Desktop," uma Asset",,
,"Network and System Penetration and Vulnerability Testing","Desktop or Laptop"," uma Asset",,
,"Network and System Penetration and Vulnerability Testing","Disk Array"," uma Asset",,
,"Network and System Penetration and Vulnerability Testing","Electronic Medical Device"," uma Asset",,
,"Network and System Penetration and Vulnerability Testing",Laptop," uma Asset",,
,"Network and System Penetration and Vulnerability Testing",Platform-as-a-Service," uma Asset",,
,"Network and System Penetration and Vulnerability Testing",Server," uma Asset",,
,"Network and System Penetration and Vulnerability Testing","Storage Area Network"," uma Asset",,
0%,"Network Disconnect of Idle Connections",,,,0
,"Network Disconnect of Idle Connections",Desktop," uma Asset",,
,"Network Disconnect of Idle Connections","Desktop or Laptop"," uma Asset",,
,"Network Disconnect of Idle Connections","Disk Array"," uma Asset",,
,"Network Disconnect of Idle Connections","Electronic Medical Device"," uma Asset",,
,"Network Disconnect of Idle Connections",Laptop," uma Asset",,
,"Network Disconnect of Idle Connections",Platform-as-a-Service," uma Asset",,
,"Network Disconnect of Idle Connections",Server," uma Asset",,
,"Network Disconnect of Idle Connections","Storage Area Network"," uma Asset",,
0%,"Network Firewalls",,,,0
,"Network Firewalls",Desktop," uma Asset",,
,"Network Firewalls","Desktop or Laptop"," uma Asset",,
,"Network Firewalls","Disk Array"," uma Asset",,
,"Network Firewalls","Electronic Medical Device"," uma Asset",,
,"Network Firewalls",Laptop," uma Asset",,
,"Network Firewalls",Platform-as-a-Service," uma Asset",,
,"Network Firewalls",Server," uma Asset",,
,"Network Firewalls","Storage Area Network"," uma Asset",,
0%,"Network Segmentation",,,,0
,"Network Segmentation",Desktop," uma Asset",,
,"Network Segmentation","Desktop or Laptop"," uma Asset",,
,"Network Segmentation","Disk Array"," uma Asset",,
,"Network Segmentation","Electronic Medical Device"," uma Asset",,
,"Network Segmentation",Laptop," uma Asset",,
,"Network Segmentation",Platform-as-a-Service," uma Asset",,
,"Network Segmentation",Server," uma Asset",,
,"Network Segmentation","Storage Area Network"," uma Asset",,
0%,"Network Traffic Throttling",,,,0
,"Network Traffic Throttling",Desktop," uma Asset",,
,"Network Traffic Throttling","Desktop or Laptop"," uma Asset",,
,"Network Traffic Throttling","Disk Array"," uma Asset",,
,"Network Traffic Throttling","Electronic Medical Device"," uma Asset",,
,"Network Traffic Throttling",Laptop," uma Asset",,
,"Network Traffic Throttling",Server," uma Asset",,
,"Network Traffic Throttling","Storage Area Network"," uma Asset",,
100%,"Offsite Backup Media Storage",,,,0
,"Offsite Backup Media Storage","Backup Media"," uma Asset",Yes,
0%,"On-call Technical Resources",,,,0
,"On-call Technical Resources",Desktop," uma Asset",,
,"On-call Technical Resources","Desktop or Laptop"," uma Asset",,
,"On-call Technical Resources","Disk Array"," uma Asset",,
,"On-call Technical Resources","Electronic Medical Device"," uma Asset",,
,"On-call Technical Resources",Laptop," uma Asset",,
,"On-call Technical Resources",Server," uma Asset",,
,"On-call Technical Resources","Storage Area Network"," uma Asset",,
0%,"On-site Generator",,,,0
,"On-site Generator",Desktop," uma Asset",,
,"On-site Generator","Desktop or Laptop"," uma Asset",,
,"On-site Generator","Disk Array"," uma Asset",,
,"On-site Generator","Electronic Medical Device"," uma Asset",,
,"On-site Generator",Laptop," uma Asset",,
,"On-site Generator",Server," uma Asset",,
,"On-site Generator","Storage Area Network"," uma Asset",,
0%,"OS/Application Patching Policy and Procedures",,,,0
,"OS/Application Patching Policy and Procedures",Desktop," uma Asset",,
,"OS/Application Patching Policy and Procedures","Desktop or Laptop"," uma Asset",,
,"OS/Application Patching Policy and Procedures","Disk Array"," uma Asset",,
,"OS/Application Patching Policy and Procedures","Electronic Medical Device"," uma Asset",,
,"OS/Application Patching Policy and Procedures",Laptop," uma Asset",,
,"OS/Application Patching Policy and Procedures",Platform-as-a-Service," uma Asset",,
,"OS/Application Patching Policy and Procedures",Server," uma Asset",,
,"OS/Application Patching Policy and Procedures","Storage Area Network"," uma Asset",,
0%,"Password Strength Requirements",,,,0
,"Password Strength Requirements",Desktop," uma Asset",,
,"Password Strength Requirements","Desktop or Laptop"," uma Asset",,
,"Password Strength Requirements","Disk Array"," uma Asset",,
,"Password Strength Requirements","Electronic Medical Device"," uma Asset",,
,"Password Strength Requirements",Laptop," uma Asset",,
,"Password Strength Requirements",Platform-as-a-Service," uma Asset",,
,"Password Strength Requirements",Server," uma Asset",,
,"Password Strength Requirements",Software-as-a-Service," uma Asset",,
,"Password Strength Requirements","Storage Area Network"," uma Asset",,
0%,"Password/token management policy and procedures",,,,0
,"Password/token management policy and procedures",Desktop," uma Asset",,
,"Password/token management policy and procedures","Desktop or Laptop"," uma Asset",,
,"Password/token management policy and procedures","Disk Array"," uma Asset",,
,"Password/token management policy and procedures","Electronic Medical Device"," uma Asset",,
,"Password/token management policy and procedures",Laptop," uma Asset",,
,"Password/token management policy and procedures",Server," uma Asset",,
,"Password/token management policy and procedures",Software-as-a-Service," uma Asset",,
,"Password/token management policy and procedures","Storage Area Network"," uma Asset",,
11%,"Physical Access Authorization",,,,0
,"Physical Access Authorization","Backup Media"," uma Asset",Yes,
,"Physical Access Authorization",Desktop," uma Asset",,
,"Physical Access Authorization","Desktop or Laptop"," uma Asset",,
,"Physical Access Authorization","Disk Array"," uma Asset",,
,"Physical Access Authorization","Electronic Medical Device"," uma Asset",,
,"Physical Access Authorization",Laptop," uma Asset",,
,"Physical Access Authorization","Scanners, Printers or Copiers"," uma Asset",,
,"Physical Access Authorization",Server," uma Asset",,
,"Physical Access Authorization","Storage Area Network"," uma Asset",,
9%,"Physical Access Control",,,,0
,"Physical Access Control","Backup Media"," uma Asset",Yes,
,"Physical Access Control",Desktop," uma Asset",,
,"Physical Access Control","Desktop or Laptop"," uma Asset",,
,"Physical Access Control","Disk Array"," uma Asset",,
,"Physical Access Control","Electronic Medical Device"," uma Asset",,
,"Physical Access Control",Laptop," uma Asset",,
,"Physical Access Control",Platform-as-a-Service," uma Asset",,
,"Physical Access Control","Scanners, Printers or Copiers"," uma Asset",,
,"Physical Access Control",Server," uma Asset",,
,"Physical Access Control",Software-as-a-Service," uma Asset",,
,"Physical Access Control","Storage Area Network"," uma Asset",,
9%,"Physical Access Monitoring",,,,0
,"Physical Access Monitoring","Backup Media"," uma Asset",Yes,
,"Physical Access Monitoring",Desktop," uma Asset",,
,"Physical Access Monitoring","Desktop or Laptop"," uma Asset",,
,"Physical Access Monitoring","Disk Array"," uma Asset",,
,"Physical Access Monitoring","Electronic Medical Device"," uma Asset",,
,"Physical Access Monitoring",Laptop," uma Asset",,
,"Physical Access Monitoring","Scanners, Printers or Copiers"," uma Asset",,
,"Physical Access Monitoring",Server," uma Asset",,
,"Physical Access Monitoring",Smartphone," uma Asset",,
,"Physical Access Monitoring","Storage Area Network"," uma Asset",,
,"Physical Access Monitoring",Tablet," uma Asset",,
0%,"Physical Security Policy and Procedures",,,,0
,"Physical Security Policy and Procedures",Desktop," uma Asset",,
,"Physical Security Policy and Procedures","Desktop or Laptop"," uma Asset",,
,"Physical Security Policy and Procedures","Disk Array"," uma Asset",,
,"Physical Security Policy and Procedures","Electronic Medical Device"," uma Asset",,
,"Physical Security Policy and Procedures",Laptop," uma Asset",,
,"Physical Security Policy and Procedures",Server," uma Asset",,
,"Physical Security Policy and Procedures",Smartphone," uma Asset",,
,"Physical Security Policy and Procedures","Storage Area Network"," uma Asset",,
,"Physical Security Policy and Procedures",Tablet," uma Asset",,
0%,"Physically Hardened Or Ruggedized Systems",,,,0
,"Physically Hardened Or Ruggedized Systems",Desktop," uma Asset",,
,"Physically Hardened Or Ruggedized Systems","Desktop or Laptop"," uma Asset",,
,"Physically Hardened Or Ruggedized Systems","Disk Array"," uma Asset",,
,"Physically Hardened Or Ruggedized Systems","Electronic Medical Device"," uma Asset",,
,"Physically Hardened Or Ruggedized Systems",Laptop," uma Asset",,
,"Physically Hardened Or Ruggedized Systems",Server," uma Asset",,
,"Physically Hardened Or Ruggedized Systems","Storage Area Network"," uma Asset",,
0%,"Physically Secured Demarcation Points",,,,0
,"Physically Secured Demarcation Points",Desktop," uma Asset",,
,"Physically Secured Demarcation Points","Desktop or Laptop"," uma Asset",,
,"Physically Secured Demarcation Points","Disk Array"," uma Asset",,
,"Physically Secured Demarcation Points","Electronic Medical Device"," uma Asset",,
,"Physically Secured Demarcation Points",Laptop," uma Asset",,
,"Physically Secured Demarcation Points",Server," uma Asset",,
,"Physically Secured Demarcation Points","Storage Area Network"," uma Asset",,
0%,"Physically Securing Devices or Systems When Not in Use",,,,0
,"Physically Securing Devices or Systems When Not in Use","Desktop or Laptop"," uma Asset",,
,"Physically Securing Devices or Systems When Not in Use","Digital Camera"," uma Asset",,
,"Physically Securing Devices or Systems When Not in Use","Electronic Medical Device"," uma Asset",,
,"Physically Securing Devices or Systems When Not in Use",Laptop," uma Asset",,
,"Physically Securing Devices or Systems When Not in Use",Pager," uma Asset, Creating Asset for Risk questionarie",,
,"Physically Securing Devices or Systems When Not in Use",Smartphone," uma Asset",,
,"Physically Securing Devices or Systems When Not in Use",Tablet," uma Asset",,
,"Physically Securing Devices or Systems When Not in Use","USB key or flash drive"," uma Asset",,
0%,"Prevention of simultaneous user logins",,,,0
,"Prevention of simultaneous user logins",Desktop," uma Asset",,
,"Prevention of simultaneous user logins","Desktop or Laptop"," uma Asset",,
,"Prevention of simultaneous user logins","Disk Array"," uma Asset",,
,"Prevention of simultaneous user logins","Electronic Medical Device"," uma Asset",,
,"Prevention of simultaneous user logins",Laptop," uma Asset",,
,"Prevention of simultaneous user logins",Platform-as-a-Service," uma Asset",,
,"Prevention of simultaneous user logins",Server," uma Asset",,
,"Prevention of simultaneous user logins",Software-as-a-Service," uma Asset",,
,"Prevention of simultaneous user logins","Storage Area Network"," uma Asset",,
0%,"Prevention of User Storing Data Locally (Terminals, VDI, etc.)",,,,0
,"Prevention of User Storing Data Locally (Terminals, VDI, etc.)","Contractors / Consultants"," uma Asset",,
,"Prevention of User Storing Data Locally (Terminals, VDI, etc.)",Desktop," uma Asset",,
,"Prevention of User Storing Data Locally (Terminals, VDI, etc.)","Desktop or Laptop"," uma Asset",,
,"Prevention of User Storing Data Locally (Terminals, VDI, etc.)","Disk Array"," uma Asset",,
,"Prevention of User Storing Data Locally (Terminals, VDI, etc.)","Electronic Medical Device"," uma Asset",,
,"Prevention of User Storing Data Locally (Terminals, VDI, etc.)",Laptop," uma Asset",,
,"Prevention of User Storing Data Locally (Terminals, VDI, etc.)",Platform-as-a-Service," uma Asset",,
,"Prevention of User Storing Data Locally (Terminals, VDI, etc.)","Scanners, Printers or Copiers"," uma Asset",,
,"Prevention of User Storing Data Locally (Terminals, VDI, etc.)",Server," uma Asset",,
,"Prevention of User Storing Data Locally (Terminals, VDI, etc.)",Smartphone," uma Asset",,
,"Prevention of User Storing Data Locally (Terminals, VDI, etc.)",Software-as-a-Service," uma Asset",,
,"Prevention of User Storing Data Locally (Terminals, VDI, etc.)","Storage Area Network"," uma Asset",,
,"Prevention of User Storing Data Locally (Terminals, VDI, etc.)",Tablet," uma Asset",,
0%,"Principle of Least Privilege",,,,0
,"Principle of Least Privilege",Desktop," uma Asset",,
,"Principle of Least Privilege","Desktop or Laptop"," uma Asset",,
,"Principle of Least Privilege","Disk Array"," uma Asset",,
,"Principle of Least Privilege","Electronic Medical Device"," uma Asset",,
,"Principle of Least Privilege",Laptop," uma Asset",,
,"Principle of Least Privilege",Platform-as-a-Service," uma Asset",,
,"Principle of Least Privilege",Server," uma Asset",,
,"Principle of Least Privilege",Software-as-a-Service," uma Asset",,
,"Principle of Least Privilege","Storage Area Network"," uma Asset",,
0%,"Process documentation",,,,0
,"Process documentation",Desktop," uma Asset",,
,"Process documentation","Desktop or Laptop"," uma Asset",,
,"Process documentation","Disk Array"," uma Asset",,
,"Process documentation","Electronic Medical Device"," uma Asset",,
,"Process documentation",Laptop," uma Asset",,
,"Process documentation",Server," uma Asset",,
,"Process documentation","Storage Area Network"," uma Asset",,
0%,"Protective Enclosures for Non-mobile Equipment",,,,0
,"Protective Enclosures for Non-mobile Equipment","Disk Array"," uma Asset",,
,"Protective Enclosures for Non-mobile Equipment","Electronic Medical Device"," uma Asset",,
,"Protective Enclosures for Non-mobile Equipment",Server," uma Asset",,
,"Protective Enclosures for Non-mobile Equipment","Storage Area Network"," uma Asset",,
0%,"QA Testing delete it",,,,0
,"QA Testing delete it",Pager," uma Asset, Creating Asset for Risk questionarie",,
0%,"Redundant HVAC Equipment",,,,0
,"Redundant HVAC Equipment",Desktop," uma Asset",,
,"Redundant HVAC Equipment","Desktop or Laptop"," uma Asset",,
,"Redundant HVAC Equipment","Disk Array"," uma Asset",,
,"Redundant HVAC Equipment","Electronic Medical Device"," uma Asset",,
,"Redundant HVAC Equipment",Laptop," uma Asset",,
,"Redundant HVAC Equipment",Server," uma Asset",,
,"Redundant HVAC Equipment","Storage Area Network"," uma Asset",,
0%,"Redundant Internet Connections",,,,0
,"Redundant Internet Connections",Desktop," uma Asset",,
,"Redundant Internet Connections","Desktop or Laptop"," uma Asset",,
,"Redundant Internet Connections","Disk Array"," uma Asset",,
,"Redundant Internet Connections","Electronic Medical Device"," uma Asset",,
,"Redundant Internet Connections",Laptop," uma Asset",,
,"Redundant Internet Connections",Platform-as-a-Service," uma Asset",,
,"Redundant Internet Connections",Server," uma Asset",,
,"Redundant Internet Connections","Storage Area Network"," uma Asset",,
0%,"Redundant or Spare Equipment",,,,0
,"Redundant or Spare Equipment",Desktop," uma Asset",,
,"Redundant or Spare Equipment","Desktop or Laptop"," uma Asset",,
,"Redundant or Spare Equipment","Disk Array"," uma Asset",,
,"Redundant or Spare Equipment","Electronic Medical Device"," uma Asset",,
,"Redundant or Spare Equipment",Laptop," uma Asset",,
,"Redundant or Spare Equipment",Server," uma Asset",,
,"Redundant or Spare Equipment",Smartphone," uma Asset",,
,"Redundant or Spare Equipment","Storage Area Network"," uma Asset",,
,"Redundant or Spare Equipment",Tablet," uma Asset",,
0%,"Redundant Service Providers",,,,0
,"Redundant Service Providers","Contractors / Consultants"," uma Asset",,
,"Redundant Service Providers",Platform-as-a-Service," uma Asset",,
,"Redundant Service Providers",Software-as-a-Service," uma Asset",,
0%,"Redundant Telecommunications Providers",,,,0
,"Redundant Telecommunications Providers",Desktop," uma Asset",,
,"Redundant Telecommunications Providers","Desktop or Laptop"," uma Asset",,
,"Redundant Telecommunications Providers","Disk Array"," uma Asset",,
,"Redundant Telecommunications Providers","Electronic Medical Device"," uma Asset",,
,"Redundant Telecommunications Providers",Laptop," uma Asset",,
,"Redundant Telecommunications Providers",Server," uma Asset",,
,"Redundant Telecommunications Providers","Storage Area Network"," uma Asset",,
0%,"Remote Access Controls",,,,0
,"Remote Access Controls",Desktop," uma Asset",,
,"Remote Access Controls","Desktop or Laptop"," uma Asset",,
,"Remote Access Controls","Disk Array"," uma Asset",,
,"Remote Access Controls","Electronic Medical Device"," uma Asset",,
,"Remote Access Controls",Laptop," uma Asset",,
,"Remote Access Controls",Server," uma Asset",,
,"Remote Access Controls","Storage Area Network"," uma Asset",,
0%,"Remote Administrative Access",,,,0
,"Remote Administrative Access",Desktop," uma Asset",,
,"Remote Administrative Access","Desktop or Laptop"," uma Asset",,
,"Remote Administrative Access","Disk Array"," uma Asset",,
,"Remote Administrative Access","Electronic Medical Device"," uma Asset",,
,"Remote Administrative Access",Laptop," uma Asset",,
,"Remote Administrative Access",Server," uma Asset",,
,"Remote Administrative Access","Storage Area Network"," uma Asset",,
0%,"Remote Wipe/Remote Lock",,,,0
,"Remote Wipe/Remote Lock",Pager," uma Asset, Creating Asset for Risk questionarie",,
,"Remote Wipe/Remote Lock",Smartphone," uma Asset",,
,"Remote Wipe/Remote Lock","USB key or flash drive"," uma Asset",,
0%,"Restrictions on Media Use",,,,0
,"Restrictions on Media Use",Desktop," uma Asset",,
,"Restrictions on Media Use","Desktop or Laptop"," uma Asset",,
,"Restrictions on Media Use",Laptop," uma Asset",,
,"Restrictions on Media Use",Platform-as-a-Service," uma Asset",,
,"Restrictions on Media Use",Server," uma Asset",,
,"Restrictions on Media Use",Software-as-a-Service," uma Asset",,
0%,"Role-based Access Control",,,,0
,"Role-based Access Control",Desktop," uma Asset",,
,"Role-based Access Control","Desktop or Laptop"," uma Asset",,
,"Role-based Access Control","Disk Array"," uma Asset",,
,"Role-based Access Control","Electronic Medical Device"," uma Asset",,
,"Role-based Access Control",Laptop," uma Asset",,
,"Role-based Access Control",Platform-as-a-Service," uma Asset",,
,"Role-based Access Control",Server," uma Asset",,
,"Role-based Access Control",Software-as-a-Service," uma Asset",,
,"Role-based Access Control","Storage Area Network"," uma Asset",,
0%,"Sanitize Device/Disks/Media",,,,0
,"Sanitize Device/Disks/Media",Desktop," uma Asset",,
,"Sanitize Device/Disks/Media","Desktop or Laptop"," uma Asset",,
,"Sanitize Device/Disks/Media","Disk Array"," uma Asset",,
,"Sanitize Device/Disks/Media","Electronic Medical Device"," uma Asset",,
,"Sanitize Device/Disks/Media",Laptop," uma Asset",,
,"Sanitize Device/Disks/Media",Server," uma Asset",,
,"Sanitize Device/Disks/Media",Smartphone," uma Asset",,
,"Sanitize Device/Disks/Media","Storage Area Network"," uma Asset",,
,"Sanitize Device/Disks/Media",Tablet," uma Asset",,
0%,"Secure Software Development Processes",,,,0
,"Secure Software Development Processes",Desktop," uma Asset",,
,"Secure Software Development Processes","Desktop or Laptop"," uma Asset",,
,"Secure Software Development Processes","Disk Array"," uma Asset",,
,"Secure Software Development Processes","Electronic Medical Device"," uma Asset",,
,"Secure Software Development Processes",Laptop," uma Asset",,
,"Secure Software Development Processes",Platform-as-a-Service," uma Asset",,
,"Secure Software Development Processes",Server," uma Asset",,
,"Secure Software Development Processes","Storage Area Network"," uma Asset",,
0%,"Secure Software Development Training and Awareness",,,,0
,"Secure Software Development Training and Awareness",Desktop," uma Asset",,
,"Secure Software Development Training and Awareness","Desktop or Laptop"," uma Asset",,
,"Secure Software Development Training and Awareness","Disk Array"," uma Asset",,
,"Secure Software Development Training and Awareness","Electronic Medical Device"," uma Asset",,
,"Secure Software Development Training and Awareness",Laptop," uma Asset",,
,"Secure Software Development Training and Awareness",Platform-as-a-Service," uma Asset",,
,"Secure Software Development Training and Awareness",Server," uma Asset",,
,"Secure Software Development Training and Awareness","Storage Area Network"," uma Asset",,
100%,"Secure Storage of Backup Media When Not In Use",,,,0
,"Secure Storage of Backup Media When Not In Use","Backup Media"," uma Asset",Yes,
0%,"Security During Systems Acquisition",,,,0
,"Security During Systems Acquisition","Contractors / Consultants"," uma Asset",,
,"Security During Systems Acquisition",Platform-as-a-Service," uma Asset",,
,"Security During Systems Acquisition",Software-as-a-Service," uma Asset",,
0%,"Security standards for software development",,,,0
,"Security standards for software development",Desktop," uma Asset",,
,"Security standards for software development","Desktop or Laptop"," uma Asset",,
,"Security standards for software development","Disk Array"," uma Asset",,
,"Security standards for software development","Electronic Medical Device"," uma Asset",,
,"Security standards for software development",Laptop," uma Asset",,
,"Security standards for software development",Platform-as-a-Service," uma Asset",,
,"Security standards for software development",Server," uma Asset",,
,"Security standards for software development","Storage Area Network"," uma Asset",,
0%,"Security/privacy Awareness and Training",,,,0
,"Security/privacy Awareness and Training",Desktop," uma Asset",,
,"Security/privacy Awareness and Training","Desktop or Laptop"," uma Asset",,
,"Security/privacy Awareness and Training","Disk Array"," uma Asset",,
,"Security/privacy Awareness and Training","Electronic Medical Device"," uma Asset",,
,"Security/privacy Awareness and Training",Laptop," uma Asset",,
,"Security/privacy Awareness and Training",Platform-as-a-Service," uma Asset",,
,"Security/privacy Awareness and Training","Scanners, Printers or Copiers"," uma Asset",,
,"Security/privacy Awareness and Training",Server," uma Asset",,
,"Security/privacy Awareness and Training",Smartphone," uma Asset",,
,"Security/privacy Awareness and Training",Software-as-a-Service," uma Asset",,
,"Security/privacy Awareness and Training","Storage Area Network"," uma Asset",,
,"Security/privacy Awareness and Training",Tablet," uma Asset",,
0%,"Segregation of Duties",,,,0
,"Segregation of Duties",Desktop," uma Asset",,
,"Segregation of Duties","Desktop or Laptop"," uma Asset",,
,"Segregation of Duties","Disk Array"," uma Asset",,
,"Segregation of Duties","Electronic Medical Device"," uma Asset",,
,"Segregation of Duties",Laptop," uma Asset",,
,"Segregation of Duties",Platform-as-a-Service," uma Asset",,
,"Segregation of Duties",Server," uma Asset",,
,"Segregation of Duties",Software-as-a-Service," uma Asset",,
,"Segregation of Duties","Storage Area Network"," uma Asset",,
0%,"Service-level Agreements",,,,0
,"Service-level Agreements","Contractors / Consultants"," uma Asset",,
,"Service-level Agreements",Platform-as-a-Service," uma Asset",,
,"Service-level Agreements",Software-as-a-Service," uma Asset",,
0%,"Snooping Detective Software",,,,0
,"Snooping Detective Software",Desktop," uma Asset",,
,"Snooping Detective Software","Desktop or Laptop"," uma Asset",,
,"Snooping Detective Software","Disk Array"," uma Asset",,
,"Snooping Detective Software","Electronic Medical Device"," uma Asset",,
,"Snooping Detective Software",Laptop," uma Asset",,
,"Snooping Detective Software",Platform-as-a-Service," uma Asset",,
,"Snooping Detective Software",Server," uma Asset",,
,"Snooping Detective Software",Software-as-a-Service," uma Asset",,
,"Snooping Detective Software","Storage Area Network"," uma Asset",,
0%,"Standardized system configurations",,,,0
,"Standardized system configurations",Desktop," uma Asset",,
,"Standardized system configurations","Desktop or Laptop"," uma Asset",,
,"Standardized system configurations","Disk Array"," uma Asset",,
,"Standardized system configurations","Electronic Medical Device"," uma Asset",,
,"Standardized system configurations",Laptop," uma Asset",,
,"Standardized system configurations",Platform-as-a-Service," uma Asset",,
,"Standardized system configurations","Scanners, Printers or Copiers"," uma Asset",,
,"Standardized system configurations",Server," uma Asset",,
,"Standardized system configurations","Storage Area Network"," uma Asset",,
0%,"Surge Protectors",,,,0
,"Surge Protectors",Desktop," uma Asset",,
,"Surge Protectors","Desktop or Laptop"," uma Asset",,
,"Surge Protectors","Disk Array"," uma Asset",,
,"Surge Protectors","Electronic Medical Device"," uma Asset",,
,"Surge Protectors",Laptop," uma Asset",,
,"Surge Protectors",Server," uma Asset",,
,"Surge Protectors","Storage Area Network"," uma Asset",,
20%,"Tamper-proof Mechanisms",,,,0
,"Tamper-proof Mechanisms","Backup Media"," uma Asset",Yes,
,"Tamper-proof Mechanisms","Disk Array"," uma Asset",,
,"Tamper-proof Mechanisms","Electronic Medical Device"," uma Asset",,
,"Tamper-proof Mechanisms",Server," uma Asset",,
,"Tamper-proof Mechanisms","Storage Area Network"," uma Asset",,
0%,"Testing of Password Strengths",,,,0
,"Testing of Password Strengths",Desktop," uma Asset",,
,"Testing of Password Strengths","Desktop or Laptop"," uma Asset",,
,"Testing of Password Strengths","Disk Array"," uma Asset",,
,"Testing of Password Strengths","Electronic Medical Device"," uma Asset",,
,"Testing of Password Strengths",Laptop," uma Asset",,
,"Testing of Password Strengths",Platform-as-a-Service," uma Asset",,
,"Testing of Password Strengths",Server," uma Asset",,
,"Testing of Password Strengths",Software-as-a-Service," uma Asset",,
,"Testing of Password Strengths","Storage Area Network"," uma Asset",,
100%,"Tracking of Backup Media",,,,0
,"Tracking of Backup Media","Backup Media"," uma Asset",Yes,
0%,"Tracking of Device",,,,0
,"Tracking of Device","Digital Camera"," uma Asset",,
,"Tracking of Device",Laptop," uma Asset",,
,"Tracking of Device",Pager," uma Asset, Creating Asset for Risk questionarie",,
,"Tracking of Device","Scanners, Printers or Copiers"," uma Asset",,
,"Tracking of Device",Smartphone," uma Asset",,
,"Tracking of Device",Tablet," uma Asset",,
,"Tracking of Device","USB key or flash drive"," uma Asset",,
0%,"Training for the Security Workforce",,,,0
,"Training for the Security Workforce",Desktop," uma Asset",,
,"Training for the Security Workforce","Desktop or Laptop"," uma Asset",,
,"Training for the Security Workforce","Disk Array"," uma Asset",,
,"Training for the Security Workforce","Electronic Medical Device"," uma Asset",,
,"Training for the Security Workforce",Laptop," uma Asset",,
,"Training for the Security Workforce","Scanners, Printers or Copiers"," uma Asset",,
,"Training for the Security Workforce",Server," uma Asset",,
,"Training for the Security Workforce","Storage Area Network"," uma Asset",,
0%,"Two-man Rule",,,,0
,"Two-man Rule",Desktop," uma Asset",,
,"Two-man Rule","Desktop or Laptop"," uma Asset",,
,"Two-man Rule","Disk Array"," uma Asset",,
,"Two-man Rule","Electronic Medical Device"," uma Asset",,
,"Two-man Rule",Laptop," uma Asset",,
,"Two-man Rule",Server," uma Asset",,
,"Two-man Rule","Storage Area Network"," uma Asset",,
0%,"Uninterruptable power supply (UPS)",,,,0
,"Uninterruptable power supply (UPS)",Desktop," uma Asset",,
,"Uninterruptable power supply (UPS)","Desktop or Laptop"," uma Asset",,
,"Uninterruptable power supply (UPS)","Disk Array"," uma Asset",,
,"Uninterruptable power supply (UPS)","Electronic Medical Device"," uma Asset",,
,"Uninterruptable power supply (UPS)",Laptop," uma Asset",,
,"Uninterruptable power supply (UPS)",Server," uma Asset",,
,"Uninterruptable power supply (UPS)","Storage Area Network"," uma Asset",,
0%,"User Account Management",,,,0
,"User Account Management",Desktop," uma Asset",,
,"User Account Management","Desktop or Laptop"," uma Asset",,
,"User Account Management","Disk Array"," uma Asset",,
,"User Account Management","Electronic Medical Device"," uma Asset",,
,"User Account Management",Laptop," uma Asset",,
,"User Account Management",Platform-as-a-Service," uma Asset",,
,"User Account Management",Server," uma Asset",,
,"User Account Management",Software-as-a-Service," uma Asset",,
,"User Account Management","Storage Area Network"," uma Asset",,
0%,"User Activity Review",,,,0
,"User Activity Review",Desktop," uma Asset",,
,"User Activity Review","Desktop or Laptop"," uma Asset",,
,"User Activity Review","Disk Array"," uma Asset",,
,"User Activity Review","Electronic Medical Device"," uma Asset",,
,"User Activity Review",Laptop," uma Asset",,
,"User Activity Review",Platform-as-a-Service," uma Asset",,
,"User Activity Review",Server," uma Asset",,
,"User Activity Review",Software-as-a-Service," uma Asset",,
,"User Activity Review","Storage Area Network"," uma Asset",,
0%,"User Permissions Reviews",,,,0
,"User Permissions Reviews",Desktop," uma Asset",,
,"User Permissions Reviews","Desktop or Laptop"," uma Asset",,
,"User Permissions Reviews","Disk Array"," uma Asset",,
,"User Permissions Reviews","Electronic Medical Device"," uma Asset",,
,"User Permissions Reviews",Laptop," uma Asset",,
,"User Permissions Reviews",Platform-as-a-Service," uma Asset",,
,"User Permissions Reviews",Server," uma Asset",,
,"User Permissions Reviews",Software-as-a-Service," uma Asset",,
,"User Permissions Reviews","Storage Area Network"," uma Asset",,
9%,"Visitor Access Control",,,,0
,"Visitor Access Control","Backup Media"," uma Asset",Yes,
,"Visitor Access Control",Desktop," uma Asset",,
,"Visitor Access Control","Desktop or Laptop"," uma Asset",,
,"Visitor Access Control","Disk Array"," uma Asset",,
,"Visitor Access Control","Electronic Medical Device"," uma Asset",,
,"Visitor Access Control",Laptop," uma Asset",,
,"Visitor Access Control",Platform-as-a-Service," uma Asset",,
,"Visitor Access Control","Scanners, Printers or Copiers"," uma Asset",,
,"Visitor Access Control",Server," uma Asset",,
,"Visitor Access Control",Software-as-a-Service," uma Asset",,
,"Visitor Access Control","Storage Area Network"," uma Asset",,
0%,"Wireless access restrictions",,,,0
,"Wireless access restrictions",Desktop," uma Asset",,
,"Wireless access restrictions","Desktop or Laptop"," uma Asset",,
,"Wireless access restrictions","Disk Array"," uma Asset",,
,"Wireless access restrictions","Electronic Medical Device"," uma Asset",,
,"Wireless access restrictions",Laptop," uma Asset",,
,"Wireless access restrictions",Server," uma Asset",,
,"Wireless access restrictions",Smartphone," uma Asset",,
,"Wireless access restrictions","Storage Area Network"," uma Asset",,
,"Wireless access restrictions",Tablet," uma Asset",,
0%,"Wireless Encryption",,,,0
,"Wireless Encryption",Desktop," uma Asset",,
,"Wireless Encryption","Desktop or Laptop"," uma Asset",,
,"Wireless Encryption","Disk Array"," uma Asset",,
,"Wireless Encryption","Electronic Medical Device"," uma Asset",,
,"Wireless Encryption",Laptop," uma Asset",,
,"Wireless Encryption",Server," uma Asset",,
,"Wireless Encryption",Smartphone," uma Asset",,
,"Wireless Encryption","Storage Area Network"," uma Asset",,
,"Wireless Encryption",Tablet," uma Asset",,
0%,"Wireless Link Protection",,,,0
,"Wireless Link Protection",Desktop," uma Asset",,
,"Wireless Link Protection","Desktop or Laptop"," uma Asset",,
,"Wireless Link Protection","Disk Array"," uma Asset",,
,"Wireless Link Protection","Electronic Medical Device"," uma Asset",,
,"Wireless Link Protection",Laptop," uma Asset",,
,"Wireless Link Protection",Server," uma Asset",,
,"Wireless Link Protection",Smartphone," uma Asset",,
,"Wireless Link Protection","Storage Area Network"," uma Asset",,
,"Wireless Link Protection",Tablet," uma Asset",,
0%,"Wireless Security Policy and Procedures",,,,0
,"Wireless Security Policy and Procedures",Desktop," uma Asset",,
,"Wireless Security Policy and Procedures","Desktop or Laptop"," uma Asset",,
,"Wireless Security Policy and Procedures","Disk Array"," uma Asset",,
,"Wireless Security Policy and Procedures","Electronic Medical Device"," uma Asset",,
,"Wireless Security Policy and Procedures",Laptop," uma Asset",,
,"Wireless Security Policy and Procedures",Server," uma Asset",,
,"Wireless Security Policy and Procedures",Smartphone," uma Asset",,
,"Wireless Security Policy and Procedures","Storage Area Network"," uma Asset",,
,"Wireless Security Policy and Procedures",Tablet," uma Asset",,
